id,Predicted
1,0.0
2,0.0
3,-3866.0006576711044
4,0.0
5,0.0
6,0.0
7,0.0
8,0.0
9,6635.808567239611
10,0.0
11,0.0
12,0.0
13,-1358.1267746000512
14,0.0
15,-7423.625798547753
16,0.0
17,-208.69950957835863
18,0.0
19,-2690.096183236218
20,-9380.548924370862
21,-1639.7553124660344
22,-7569.214445681415
23,0.0
24,0.0
25,0.0
26,0.0
27,0.0
28,0.0
29,-2539.9108795115544
30,0.0
31,-25296.72900304924
32,0.0
33,0.0
34,0.0
35,0.0
36,0.0
37,0.0
38,0.0
39,0.0
40,-2069.218810806997
41,0.0
42,-7823.867617840725
43,0.0
44,-1742.5113241596782
45,0.0
46,-6705.165565554536
47,0.0
48,-7529.520875560572
49,0.0
50,-5282.23093676732
51,0.0
52,0.0
53,0.0
54,0.0
55,0.0
56,-8959.853637995859
57,274.1150384408985
58,0.0
59,0.0
60,0.0
61,-8506.86890251452
62,0.0
63,0.0
64,-2074.656269592361
65,4786.1611370595965
66,0.0
67,0.0
68,0.0
69,0.0
70,-30156.048282260694
71,-7403.722703082101
72,0.0
73,0.0
74,0.0
75,0.0
76,0.0
77,0.0
78,934.8659641978713
79,0.0
80,0.0
81,0.0
82,0.0
83,0.0
84,0.0
85,0.0
86,-22905.41026327948
87,0.0
88,0.0
89,0.0
90,0.0
91,429.0130402042728
92,-24029.586180029113
93,0.0
94,-1152.646843425724
95,0.0
96,0.0
97,-1104.8039569738235
98,0.0
99,0.0
100,0.0
101,0.0
102,-700.1784321973416
103,0.0
104,0.0
105,0.0
106,0.0
107,-10664.981091122583
108,0.0
109,0.0
110,-1197.7982524925187
111,0.0
112,0.0
113,0.0
114,0.0
115,0.0
116,0.0
117,0.0
118,0.0
119,-4929.199413842178
120,0.0
121,-5246.0408108578995
122,-22339.331360733668
123,0.0
124,-9901.985327455412
125,0.0
126,0.0
127,-1170.839022914723
128,-8652.983610374704
129,-2719.2981293242915
130,0.0
131,-12487.492562196026
132,3741.0539585823662
133,-2594.5180279350434
134,2179.9933211326643
135,-920.423374215356
136,-8635.51609601709
137,0.0
138,0.0
139,-7794.537509833565
140,0.0
141,0.0
142,-1300.6537520238353
143,0.0
144,-82.56011996952066
145,0.0
146,0.0
147,-7262.041097996551
148,-1966.6540301391908
149,0.0
150,-21580.914704394207
151,4941.998814433384
152,0.0
153,0.0
154,-840.7835836904208
155,0.0
156,0.0
157,-16236.433779383697
158,1729.0270190282984
159,0.0
160,0.0
161,-2247.052766743662
162,-7970.8438791788785
163,0.0
164,0.0
165,-11101.542179880627
166,0.0
167,0.0
168,1081.275097179866
169,0.0
170,0.0
171,0.0
172,0.0
173,-4479.176154176866
174,0.0
175,0.0
176,0.0
177,0.0
178,-5553.593840910158
179,0.0
180,-2325.7346915267754
181,0.0
182,0.0
183,0.0
184,0.0
185,0.0
186,-249.1524775705633
187,0.0
188,0.0
189,0.0
190,0.0
191,-8269.867536446172
192,0.0
193,-2123.604257644335
194,0.0
195,-930.3196100030564
196,-5031.965934932379
197,0.0
198,0.0
199,-2481.0438805468634
200,-2095.3328508853947
201,0.0
202,0.0
203,-35242.296299647314
204,0.0
205,-10019.59601172651
206,0.0
207,0.0
208,0.0
209,0.0
210,0.0
211,0.0
212,0.0
213,-26448.458164776173
214,-7517.278652244462
215,0.0
216,0.0
217,0.0
218,0.0
219,0.0
220,0.0
221,0.0
222,-14066.994456265638
223,-29510.57435425988
224,0.0
225,0.0
226,0.0
227,0.0
228,141.65481470474356
229,0.0
230,0.0
231,0.0
232,-5392.540875480792
233,0.0
234,0.0
235,-3880.4966122599553
236,-10157.619416011112
237,0.0
238,-4379.3809610934795
239,0.0
240,0.0
241,0.0
242,-3742.014546030571
243,-17523.76820562024
244,-1397.1809138749472
245,0.0
246,0.0
247,0.0
248,-304.0310447524629
249,0.0
250,-761.8795669883455
251,-576.7075859396341
252,0.0
253,-5035.08304823055
254,-2450.38517676014
255,0.0
256,-9092.123528186137
257,0.0
258,0.0
259,0.0
260,0.0
261,-4007.591965001859
262,0.0
263,0.0
264,0.0
265,-9901.313285803402
266,-8700.378964140984
267,-8976.339197848478
268,0.0
269,0.0
270,-9511.018161686407
271,0.0
272,78.35314572051323
273,1597.1612490142113
274,0.0
275,0.0
276,-6054.8259409727525
277,0.0
278,0.0
279,0.0
280,1552.492689873812
281,-168.8787553651942
282,-7882.345055022137
283,0.0
284,-2666.8503572284626
285,-8551.119278810382
286,-4143.637405556305
287,0.0
288,0.0
289,0.0
290,0.0
291,0.0
292,0.0
293,0.0
294,0.0
295,0.0
296,0.0
297,0.0
298,0.0
299,0.0
300,0.0
301,0.0
302,0.0
303,0.0
304,-13353.578147320704
305,0.0
306,0.0
307,-6494.06234508846
308,0.0
309,0.0
310,0.0
311,0.0
312,0.0
313,-7437.038343720911
314,0.0
315,0.0
316,0.0
317,0.0
318,0.0
319,0.0
320,0.0
321,0.0
322,0.0
323,0.0
324,-1411.7399531011838
325,1163.825956145278
326,0.0
327,0.0
328,-1939.0201786997745
329,0.0
330,-19298.85530126009
331,-11704.140958037666
332,0.0
333,0.0
334,0.0
335,0.0
336,-7822.573235200533
337,0.0
338,0.0
339,-10344.84817777139
340,0.0
341,-4695.240641264085
342,-302.40218760848006
343,1548.0344233218634
344,0.0
345,0.0
346,-4859.466282064259
347,0.0
348,0.0
349,-6585.862775697113
350,0.0
351,0.0
352,0.0
353,0.0
354,0.0
355,-327.4122543777644
356,-3214.472983259701
357,0.0
358,0.0
359,0.0
360,0.0
361,-1811.2478287851125
362,0.0
363,0.0
364,0.0
365,-1649.735748799149
366,-9493.539189083791
367,0.0
368,-5993.083265434313
369,0.0
370,0.0
371,0.0
372,0.0
373,0.0
374,-7719.138050377182
375,0.0
376,0.0
377,0.0
378,-3745.503149487865
379,-5941.54177679689
380,0.0
381,0.0
382,0.0
383,363.2335303869829
384,0.0
385,0.0
386,-7340.3718322584045
387,-4641.8677277357565
388,0.0
389,0.0
390,0.0
391,0.0
392,-4480.996332763412
393,0.0
394,-14978.151246660625
395,-7114.211355326981
396,0.0
397,-0.10476826495118985
398,0.0
399,-3623.529154657761
400,0.0
401,0.0
402,0.0
403,0.0
404,0.0
405,0.0
406,0.0
407,0.0
408,0.0
409,0.0
410,0.0
411,0.0
412,0.0
413,0.0
414,-6346.026130873147
415,0.0
416,0.0
417,0.0
418,0.0
419,0.0
420,0.0
421,0.0
422,0.0
423,-2435.8283647634125
424,0.0
425,0.0
426,0.0
427,0.0
428,0.0
429,0.0
430,0.0
431,0.0
432,0.0
433,0.0
434,0.0
435,-2943.2540052112863
436,-7407.963069520548
437,0.0
438,0.0
439,-19268.257679226146
440,-392.28791561288403
441,0.0
442,0.0
443,0.0
444,0.0
445,-6489.260397032376
446,0.0
447,0.0
448,0.0
449,0.0
450,0.0
451,-1077.7026082496764
452,0.0
453,-1510.6730765722373
454,0.0
455,0.0
456,-1948.0993321894223
457,0.0
458,0.0
459,0.0
460,-3803.916085085457
461,0.0
462,0.0
463,-4354.873320220408
464,-12806.17639128851
465,0.0
466,0.0
467,0.0
468,0.0
469,-10882.656557810467
470,0.0
471,0.0
472,0.0
473,-9135.924204703166
474,0.0
475,-686.1209436132917
476,0.0
477,0.0
478,0.0
479,0.0
480,0.0
481,0.0
482,-12103.944280668367
483,0.0
484,0.0
485,-5472.430218769308
486,0.0
487,0.0
488,0.0
489,0.0
490,0.0
491,0.0
492,0.0
493,-8671.918137378836
494,-3725.180718516932
495,-12148.823232799547
496,373.35605469895177
497,0.0
498,0.0
499,0.0
500,0.0
501,-10170.187231085452
502,-7598.271381809438
503,0.0
504,-151.7289685908289
505,0.0
506,-6442.5267630477065
507,0.0
508,-20.23505028317186
509,0.0
510,0.0
511,0.0
512,-13669.392630664981
513,0.0
514,0.0
515,0.0
516,0.0
517,0.0
518,0.0
519,0.0
520,0.0
521,0.0
522,0.0
523,0.0
524,-4803.857726191725
525,0.0
526,140.2394228113958
527,0.0
528,0.0
529,0.0
530,0.0
531,0.0
532,2594.5640066750484
533,0.0
534,0.0
535,0.0
536,1511.6327109077986
537,0.0
538,-34921.363767958974
539,-4379.11579390166
540,0.0
541,-4156.308352649295
542,89.50799029937275
543,0.0
544,0.0
545,0.0
546,0.0
547,-1902.5102162484761
548,0.0
549,901.5952306926333
550,0.0
551,0.0
552,0.0
553,0.0
554,0.0
555,0.0
556,-3645.8090066643813
557,0.0
558,0.0
559,0.0
560,0.0
561,0.0
562,-374.6035377305418
563,814.658370002624
564,-5707.341960621441
565,-15849.428310476194
566,-6593.679837988395
567,0.0
568,0.0
569,0.0
570,0.0
571,-5484.7503438855665
572,0.0
573,-12620.06939380031
574,0.0
575,10375.266188774263
576,0.0
577,0.0
578,-17603.06115928664
579,0.0
580,0.0
581,0.0
582,-1887.3300322791697
583,0.0
584,-7763.22196180632
585,-5515.2422894002275
586,-3986.9857122952594
587,0.0
588,0.0
589,0.0
590,0.0
591,-10151.117286459114
592,0.0
593,0.0
594,-2900.02161892191
595,0.0
596,-4711.784352342451
597,1974.0323482425188
598,0.0
599,559.3651187188073
600,-11291.360438831869
601,0.0
602,0.0
603,0.0
604,0.0
605,0.0
606,0.0
607,0.0
608,0.0
609,0.0
610,0.0
611,0.0
612,0.0
613,-789.7202307781215
614,0.0
615,0.0
616,-6356.876794670837
617,0.0
618,-7018.383022133694
619,-19192.936007210043
620,-2029.6636746517283
621,0.0
622,0.0
623,0.0
624,0.0
625,0.0
626,902.248262793454
627,74.09422363965268
628,0.0
629,-4329.023365454244
630,-4322.117771683155
631,0.0
632,0.0
633,0.0
634,0.0
635,0.0
636,-9901.301469602964
637,0.0
638,-6150.9368339026305
639,455.0172645404948
640,0.0
641,-22761.094926845526
642,-15731.171055466324
643,0.0
644,0.0
645,0.0
646,0.0
647,0.0
648,0.0
649,0.0
650,0.0
651,0.0
652,0.0
653,0.0
654,-6278.814783296697
655,-12669.198284722703
656,-32762.40186899322
657,0.0
658,0.0
659,0.0
660,0.0
661,0.0
662,0.0
663,1849.6332099430265
664,0.0
665,-7182.8660867242725
666,0.0
667,0.0
668,0.0
669,-5389.047365131144
670,-8859.385761667812
671,-11772.24640218018
672,0.0
673,0.0
674,-3696.5649346743157
675,0.0
676,0.0
677,0.0
678,-7310.226764757917
679,0.0
680,0.0
681,0.0
682,0.0
683,0.0
684,-9563.26989177477
685,-7616.558188000822
686,0.0
687,0.0
688,0.0
689,0.0
690,0.0
691,0.0
692,-387.41055497685966
693,-31752.912369363956
694,-19269.23251379544
695,-15687.925584797751
696,264.92335062370773
697,0.0
698,0.0
699,0.0
700,0.0
701,0.0
702,0.0
703,0.0
704,0.0
705,0.0
706,-2809.62005618943
707,-3042.5276942186183
708,0.0
709,0.0
710,-18041.921008973204
711,0.0
712,-19076.667312260535
713,0.0
714,0.0
715,0.0
716,0.0
717,0.0
718,0.0
719,-2999.124279988526
720,0.0
721,0.0
722,0.0
723,0.0
724,0.0
725,0.0
726,-12058.985357605012
727,0.0
728,0.0
729,0.0
730,0.0
731,0.0
732,0.0
733,0.0
734,0.0
735,0.0
736,-15862.217427117534
737,0.0
738,0.0
739,0.0
740,0.0
741,0.0
742,0.0
743,-15836.74124466224
744,0.0
745,0.0
746,0.0
747,-5780.459483851171
748,0.0
749,0.0
750,0.0
751,0.0
752,-7111.114491157792
753,-2208.5232966992494
754,0.0
755,0.0
756,0.0
757,1556.990152983013
758,0.0
759,0.0
760,0.0
761,0.0
762,0.0
763,0.0
764,0.0
765,0.0
766,0.0
767,0.0
768,0.0
769,-9283.364482282032
770,0.0
771,0.0
772,-12346.475586716579
773,0.0
774,-1461.9548137800803
775,-8520.224832321219
776,0.0
777,-5136.076545227672
778,0.0
779,0.0
780,0.0
781,0.0
782,0.0
783,0.0
784,0.0
785,443.56122079863337
786,0.0
787,0.0
788,0.0
789,0.0
790,0.0
791,-17943.92083591478
792,0.0
793,0.0
794,0.0
795,0.0
796,-9447.93471110319
797,-7722.51878064142
798,0.0
799,0.0
800,0.0
801,-5235.472560880568
802,0.0
803,-337.10856078124925
804,0.0
805,0.0
806,-15588.70431509738
807,0.0
808,0.0
809,0.0
810,0.0
811,-7548.358415095874
812,0.0
813,0.0
814,-21411.651387986592
815,492.9276523675263
816,-3281.103772341079
817,0.0
818,0.0
819,-18935.21709246823
820,0.0
821,0.0
822,-21539.60068418498
823,0.0
824,0.0
825,0.0
826,-33198.08147918263
827,0.0
828,0.0
829,0.0
830,0.0
831,1050.3322446791408
832,0.0
833,0.0
834,0.0
835,0.0
836,0.0
837,3447.639736078416
838,0.0
839,-13148.418313051216
840,0.0
841,0.0
842,0.0
843,0.0
844,0.0
845,0.0
846,-2280.1810997465086
847,0.0
848,0.0
849,0.0
850,0.0
851,0.0
852,0.0
853,0.0
854,0.0
855,-18067.790472257126
856,-2763.7957320049513
857,1720.2930911593367
858,-9392.134995324139
859,0.0
860,-7410.842806489121
861,0.0
862,0.0
863,0.0
864,0.0
865,0.0
866,-8162.617444013484
867,0.0
868,0.0
869,0.0
870,-646.9888239047251
871,0.0
872,0.0
873,0.0
874,0.0
875,0.0
876,0.0
877,0.0
878,0.0
879,0.0
880,0.0
881,0.0
882,0.0
883,-3898.5800019788794
884,-10433.301037083998
885,-413.2149949691079
886,2105.9608415572366
887,-11963.36438843133
888,-575.4422936750932
889,-275.9170943736933
890,0.0
891,0.0
892,-5251.840053993373
893,0.0
894,-6434.246671529223
895,0.0
896,0.0
897,0.0
898,-3408.683796498427
899,0.0
900,-4029.041486625321
901,-4363.669348090728
902,0.0
903,0.0
904,0.0
905,0.0
906,0.0
907,0.0
908,-2324.3679072250975
909,0.0
910,0.0
911,0.0
912,-8393.98259322903
913,0.0
914,0.0
915,0.0
916,-3122.399480471003
917,0.0
918,0.0
919,0.0
920,-17222.51099233284
921,598.3079875809734
922,0.0
923,-8795.25953211038
924,0.0
925,0.0
926,0.0
927,543.2365397872948
928,-7263.517402697924
929,0.0
930,-3412.2349962097323
931,-16153.360335380345
932,0.0
933,0.0
934,-22743.631371647843
935,-6746.179242480593
936,-3523.026465115595
937,-6808.285140631611
938,0.0
939,0.0
940,-7215.191139483346
941,0.0
942,-10220.641130675736
943,-7435.4682963973955
944,0.0
945,0.0
946,0.0
947,-2539.8961557272064
948,0.0
949,-16213.048948232978
950,0.0
951,0.0
952,0.0
953,0.0
954,-16894.88933491851
955,0.0
956,0.0
957,0.0
958,0.0
959,0.0
960,0.0
961,0.0
962,0.0
963,0.0
964,0.0
965,0.0
966,0.0
967,1436.0978803477637
968,0.0
969,-21115.929791250386
970,0.0
971,0.0
972,0.0
973,0.0
974,0.0
975,-2132.466843358426
976,0.0
977,0.0
978,0.0
979,-21248.570219747224
980,-4092.883535087897
981,0.0
982,-5502.436375235098
983,0.0
984,0.0
985,0.0
986,0.0
987,-12490.654539964351
988,2278.800821147267
989,0.0
990,0.0
991,0.0
992,-18947.452603998172
993,0.0
994,0.0
995,0.0
996,0.0
997,0.0
998,0.0
999,0.0
1000,0.0
1001,0.0
1002,-5865.319120758545
1003,7563.012564807812
1004,0.0
1005,0.0
1006,0.0
1007,0.0
1008,-2539.833255233286
1009,0.0
1010,0.0
1011,0.0
1012,0.0
1013,0.0
1014,-6090.189733983971
1015,0.0
1016,0.0
1017,0.0
1018,0.0
1019,0.0
1020,0.0
1021,0.0
1022,0.0
1023,0.0
1024,0.0
1025,0.0
1026,0.0
1027,0.0
1028,0.0
1029,913.8008677665517
1030,0.0
1031,0.0
1032,0.0
1033,-20966.13033205152
1034,0.0
1035,1209.1427880894855
1036,0.0
1037,0.0
1038,0.0
1039,-13500.923983576751
1040,0.0
1041,-16509.958966289203
1042,0.0
1043,0.0
1044,-16724.034712755434
1045,880.9923280261903
1046,0.0
1047,-7644.373459921775
1048,0.0
1049,0.0
1050,0.0
1051,-120.57237302399915
1052,-10149.39991550218
1053,0.0
1054,0.0
1055,0.0
1056,0.0
1057,0.0
1058,-1503.3008294532847
1059,0.0
1060,0.0
1061,0.0
1062,703.5342760797488
1063,-2974.661438008418
1064,0.0
1065,0.0
1066,0.0
1067,-4537.296408228325
1068,0.0
1069,0.0
1070,0.0
1071,0.0
1072,0.0
1073,0.0
1074,-5576.7372973729225
1075,0.0
1076,0.0
1077,-8633.079353005334
1078,0.0
1079,0.0
1080,-62.82978206068242
1081,0.0
1082,0.0
1083,0.0
1084,0.0
1085,0.0
1086,-11489.010550946903
1087,0.0
1088,0.0
1089,0.0
1090,-1261.3825772288128
1091,0.0
1092,1133.513539790096
1093,0.0
1094,511.58144748138454
1095,0.0
1096,0.0
1097,0.0
1098,800.2150117176144
1099,0.0
1100,0.0
1101,0.0
1102,0.0
1103,-15556.63926571669
1104,0.0
1105,0.0
1106,-10561.3275647591
1107,-4461.451273082415
1108,0.0
1109,0.0
1110,0.0
1111,0.0
1112,-6908.457819496233
1113,-9410.081564842047
1114,-4210.748752547578
1115,0.0
1116,0.0
1117,0.0
1118,0.0
1119,-1077.4899065497261
1120,0.0
1121,-18594.48420123281
1122,0.0
1123,0.0
1124,-4396.165381313294
1125,-2751.1572100888184
1126,0.0
1127,0.0
1128,-7285.153678471799
1129,0.0
1130,0.0
1131,0.0
1132,0.0
1133,0.0
1134,0.0
1135,0.0
1136,0.0
1137,0.0
1138,-11750.514604138994
1139,-6125.825695570104
1140,8.513272438137449
1141,0.0
1142,-2884.9600329508753
1143,0.0
1144,0.0
1145,0.0
1146,0.0
1147,0.0
1148,0.0
1149,0.0
1150,0.0
1151,-1078.158049922663
1152,0.0
1153,0.0
1154,0.0
1155,3538.1657067612223
1156,0.0
1157,0.0
1158,0.0
1159,0.0
1160,0.0
1161,-9953.20303255576
1162,-3539.5715828513758
1163,0.0
1164,0.0
1165,0.0
1166,-2326.340854390089
1167,0.0
1168,0.0
1169,-4158.343295220244
1170,0.0
1171,0.0
1172,-5378.089589676758
1173,0.0
1174,2245.1821013042763
1175,0.0
1176,0.0
1177,-23643.132850142672
1178,-6721.664961344765
1179,-15676.97887760428
1180,-4127.252849537492
1181,1436.0978803477637
1182,0.0
1183,-2939.369766158846
1184,0.0
1185,-4854.90232639931
1186,0.0
1187,0.0
1188,-15580.246776856353
1189,0.0
1190,0.0
1191,-7061.353282877433
1192,0.0
1193,0.0
1194,0.0
1195,0.0
1196,-4710.440506837005
1197,0.0
1198,0.0
1199,-3138.6928093022025
1200,-1473.70799541901
1201,0.0
1202,-631.198776823477
1203,0.0
1204,-5457.613660277659
1205,0.0
1206,28.350203202014654
1207,0.0
1208,0.0
1209,0.0
1210,0.0
1211,-2748.8191360411124
1212,0.0
1213,0.0
1214,0.0
1215,0.0
1216,-18898.567105437036
1217,-2512.059769226137
1218,-852.453670673023
1219,0.0
1220,0.0
1221,0.0
1222,-315.5818584889687
1223,-30.364407379858903
1224,-3471.7549585661577
1225,0.0
1226,-10921.626305657168
1227,0.0
1228,-16908.498914177126
1229,980.0748228834256
1230,1794.9231326208032
1231,0.0
1232,0.0
1233,0.0
1234,-3212.586147366062
1235,0.0
1236,0.0
1237,0.0
1238,0.0
1239,0.0
1240,758.48731697563
1241,0.0
1242,0.0
1243,0.0
1244,0.0
1245,0.0
1246,0.0
1247,0.0
1248,0.0
1249,0.0
1250,-2872.0630712587235
1251,-15848.974450795362
1252,0.0
1253,0.0
1254,0.0
1255,0.0
1256,520.3723683425546
1257,0.0
1258,-11472.553682502174
1259,-23221.066913092232
1260,-26698.995614591106
1261,-4720.194735477051
1262,0.0
1263,-26052.122480325168
1264,0.0
1265,0.0
1266,-2641.9517127591835
1267,0.0
1268,0.0
1269,0.0
1270,472.0253373129955
1271,0.0
1272,0.0
1273,0.0
1274,-16801.23675150493
1275,0.0
1276,-212.2293630832728
1277,0.0
1278,0.0
1279,-7205.694225261153
1280,0.0
1281,0.0
1282,-13870.892632797739
1283,0.0
1284,0.0
1285,0.0
1286,0.0
1287,-7266.984705422529
1288,0.0
1289,0.0
1290,0.0
1291,-1979.147660764572
1292,0.0
1293,0.0
1294,0.0
1295,0.0
1296,0.0
1297,0.0
1298,0.0
1299,-4366.946103084732
1300,-2809.484770683279
1301,-4190.840424638149
1302,0.0
1303,0.0
1304,0.0
1305,0.0
1306,0.0
1307,0.0
1308,0.0
1309,0.0
1310,0.0
1311,0.0
1312,163.8104457385659
1313,-22291.26289246564
1314,0.0
1315,25.140040698614484
1316,0.0
1317,0.0
1318,-16347.961977023033
1319,0.0
1320,0.0
1321,-21129.54239701802
1322,0.0
1323,0.0
1324,0.0
1325,0.0
1326,0.0
1327,0.0
1328,-3463.5491997894514
1329,0.0
1330,0.0
1331,0.0
1332,0.0
1333,0.0
1334,0.0
1335,0.0
1336,0.0
1337,-6098.670417740866
1338,0.0
1339,0.0
1340,0.0
1341,0.0
1342,0.0
1343,-13278.731736945165
1344,0.0
1345,-10684.149115523012
1346,0.0
1347,0.0
1348,0.0
1349,-7462.65018699979
1350,0.0
1351,0.0
1352,-15011.504555235977
1353,0.0
1354,110.51428944876102
1355,-471.9784670015915
1356,0.0
1357,446.5378000278284
1358,-14466.269122543785
1359,0.0
1360,-12910.800311283967
1361,0.0
1362,-2858.2659380225223
1363,0.0
1364,0.0
1365,0.0
1366,-12550.793125804757
1367,0.0
1368,0.0
1369,0.0
1370,650.0662411417857
1371,-5715.598008992461
1372,-5330.815677859746
1373,0.0
1374,0.0
1375,0.0
1376,0.0
1377,0.0
1378,-12217.50006581633
1379,1591.9020805884752
1380,0.0
1381,0.0
1382,-3467.6485886375667
1383,0.0
1384,0.0
1385,0.0
1386,0.0
1387,-2510.737788100012
1388,-7847.859577485651
1389,0.0
1390,0.0
1391,-6472.913619758832
1392,0.0
1393,0.0
1394,0.0
1395,0.0
1396,0.0
1397,0.0
1398,0.0
1399,0.0
1400,0.0
1401,2496.6396490932466
1402,0.0
1403,-3529.0982396933514
1404,0.0
1405,0.0
1406,207.58507292914157
1407,0.0
1408,0.0
1409,0.0
1410,-8940.305883327435
1411,0.0
1412,0.0
1413,-2173.674043738005
1414,0.0
1415,0.0
1416,0.0
1417,-4427.994843988775
1418,0.0
1419,-2507.168861677832
1420,0.0
1421,0.0
1422,0.0
1423,1900.1011859355558
1424,-1172.1563612684545
1425,235.66551102807898
1426,0.0
1427,-3430.6794480972853
1428,0.0
1429,1362.2106897821736
1430,-3038.446232840445
1431,0.0
1432,0.0
1433,0.0
1434,0.0
1435,-10559.378064544215
1436,-20244.603021708477
1437,0.0
1438,-3813.1823180401993
1439,-4844.989376526747
1440,0.0
1441,-8590.566241620634
1442,0.0
1443,0.0
1444,0.0
1445,0.0
1446,0.0
1447,0.0
1448,0.0
1449,0.0
1450,0.0
1451,0.0
1452,0.0
1453,-1299.6081393048153
1454,-3027.737672734479
1455,0.0
1456,-2983.455867136937
1457,0.0
1458,0.0
1459,0.0
1460,-5321.786202240057
1461,0.0
1462,0.0
1463,0.0
1464,0.0
1465,0.0
1466,0.0
1467,-4667.264094577744
1468,-3760.5312408995715
1469,-1412.0501034048843
1470,0.0
1471,-7028.000124609435
1472,0.0
1473,0.0
1474,0.0
1475,0.0
1476,-3318.019793162104
1477,-5211.042022957413
1478,0.0
1479,0.0
1480,0.0
1481,0.0
1482,0.0
1483,-1805.1948425612702
1484,0.0
1485,0.0
1486,0.0
1487,-7654.721779845089
1488,0.0
1489,0.0
1490,-8220.34748191719
1491,0.0
1492,-4696.320358934559
1493,0.0
1494,0.0
1495,-735.4040900565298
1496,-12007.684049851012
1497,-784.7682996967749
1498,0.0
1499,-10876.454373922752
1500,211.695248393322
1501,-6608.610294684655
1502,0.0
1503,0.0
1504,0.0
1505,0.0
1506,-6337.964974201102
1507,0.0
1508,-461.95972232945746
1509,769.8589687327575
1510,247.97943799617883
1511,0.0
1512,0.0
1513,0.0
1514,0.0
1515,0.0
1516,0.0
1517,0.0
1518,0.0
1519,0.0
1520,0.0
1521,-2389.1190607365356
1522,0.0
1523,1061.576745155809
1524,0.0
1525,-14725.26210456268
1526,-1574.5575512889507
1527,0.0
1528,709.5732636046857
1529,0.0
1530,0.0
1531,224.52320630481495
1532,0.0
1533,0.0
1534,0.0
1535,0.0
1536,-6460.186683322605
1537,16.215591256431253
1538,0.0
1539,174.30959066571245
1540,0.0
1541,-5938.462259482939
1542,-2688.8247143391523
1543,0.0
1544,0.0
1545,0.0
1546,-29027.50531040031
1547,0.0
1548,0.0
1549,0.0
1550,0.0
1551,-8761.69666302759
1552,0.0
1553,-4053.5291076623057
1554,-19108.039137787564
1555,-1086.0736387812633
1556,0.0
1557,0.0
1558,-31152.65895409773
1559,0.0
1560,0.0
1561,0.0
1562,0.0
1563,0.0
1564,0.0
1565,0.0
1566,0.0
1567,0.0
1568,0.0
1569,0.0
1570,0.0
1571,-4149.489372965812
1572,-13676.450124413368
1573,-4762.499327043027
1574,0.0
1575,0.0
1576,0.0
1577,0.0
1578,0.0
1579,0.0
1580,-8448.494287777725
1581,0.0
1582,0.0
1583,0.0
1584,0.0
1585,0.0
1586,-6759.375696877585
1587,0.0
1588,0.0
1589,0.0
1590,-5911.71477173839
1591,0.0
1592,0.0
1593,-12748.849156885037
1594,-20789.329424947293
1595,0.0
1596,-9356.329213210578
1597,0.0
1598,-6131.564775438857
1599,-1287.7010093927722
1600,0.0
1601,0.0
1602,-4165.697608062015
1603,0.0
1604,0.0
1605,0.0
1606,0.0
1607,0.0
1608,0.0
1609,0.0
1610,0.0
1611,-12373.570994942109
1612,0.0
1613,-5219.692655723697
1614,-3181.6106151682984
1615,5933.927509374578
1616,0.0
1617,0.0
1618,-18070.112591523233
1619,0.0
1620,0.0
1621,-26654.723410674873
1622,0.0
1623,-585.8708516084937
1624,0.0
1625,-1562.0824466400045
1626,0.0
1627,0.0
1628,-1794.7222148169533
1629,-7933.3667932722055
1630,0.0
1631,0.0
1632,0.0
1633,0.0
1634,0.0
1635,-27500.122112748446
1636,0.0
1637,0.0
1638,-6227.93668603018
1639,0.0
1640,-16190.052242082103
1641,-3939.328538796222
1642,0.0
1643,0.0
1644,4388.279998180884
1645,0.0
1646,0.0
1647,0.0
1648,0.0
1649,0.0
1650,0.0
1651,-5787.025448216247
1652,-15906.470644802697
1653,-4405.343963662227
1654,-12431.073668893772
1655,0.0
1656,0.0
1657,0.0
1658,0.0
1659,0.0
1660,0.0
1661,0.0
1662,0.0
1663,0.0
1664,0.0
1665,0.0
1666,-11978.352200209487
1667,-16841.706509743584
1668,0.0
1669,0.0
1670,0.0
1671,-1236.222065761657
1672,-6658.587280402496
1673,-5971.943029397567
1674,-1666.2819681695255
1675,0.0
1676,0.0
1677,220.84785215943498
1678,0.0
1679,-13706.811579280498
1680,0.0
1681,0.0
1682,0.0
1683,0.0
1684,0.0
1685,0.0
1686,0.0
1687,0.0
1688,0.0
1689,0.0
1690,0.0
1691,0.0
1692,-3251.904634060258
1693,0.0
1694,-7556.186164961159
1695,-933.025418580413
1696,0.0
1697,4009.4946271708936
1698,0.0
1699,0.0
1700,-2422.029988913116
1701,0.0
1702,0.0
1703,-5390.293841390953
1704,0.0
1705,0.0
1706,-34824.48386536634
1707,0.0
1708,-2372.12209729516
1709,0.0
1710,0.0
1711,-3083.657531210024
1712,0.0
1713,0.0
1714,0.0
1715,-3089.6738729122817
1716,0.0
1717,-9330.877679526635
1718,-6433.620235681237
1719,0.0
1720,0.0
1721,-1265.1559647612148
1722,0.0
1723,-1401.6692474949716
1724,-16714.149204323487
1725,-4948.449301802271
1726,0.0
1727,0.0
1728,0.0
1729,0.0
1730,0.0
1731,0.0
1732,536.7400108422089
1733,0.0
1734,0.0
1735,0.0
1736,-25820.532148433267
1737,0.0
1738,0.0
1739,0.0
1740,0.0
1741,0.0
1742,-3621.3324927483836
1743,168.0045551524952
1744,917.351168872352
1745,0.0
1746,0.0
1747,0.0
1748,-1134.016987488715
1749,-2582.94328188353
1750,-1171.3693698524603
1751,0.0
1752,0.0
1753,0.0
1754,0.0
1755,0.0
1756,0.0
1757,-2807.213039929591
1758,0.0
1759,0.0
1760,0.0
1761,0.0
1762,0.0
1763,0.0
1764,-5431.997180888626
1765,0.0
1766,0.0
1767,0.0
1768,-25958.173045171476
1769,-967.8514782487958
1770,0.0
1771,-8927.400704700663
1772,0.0
1773,0.0
1774,0.0
1775,0.0
1776,0.0
1777,-27532.541869254055
1778,0.0
1779,0.0
1780,0.0
1781,-7509.90321347733
1782,-8520.63415353858
1783,-7883.716549246998
1784,-4293.358647124774
1785,0.0
1786,0.0
1787,0.0
1788,-22434.22644059118
1789,0.0
1790,1315.9794064280375
1791,-6486.249187664005
1792,0.0
1793,-15412.807391248549
1794,-6770.644531763719
1795,0.0
1796,-19821.85574392867
1797,0.0
1798,-4896.528534617197
1799,0.0
1800,-4235.901189745209
1801,0.0
1802,0.0
1803,0.0
1804,0.0
1805,0.0
1806,-1579.5363044780443
1807,0.0
1808,0.0
1809,-5557.424404429693
1810,-3654.345347242569
1811,0.0
1812,0.0
1813,0.0
1814,0.0
1815,0.0
1816,0.0
1817,-4942.806672290505
1818,0.0
1819,0.0
1820,546.0617426017232
1821,0.0
1822,0.0
1823,-4078.65015765698
1824,0.0
1825,-3891.1790944647155
1826,-8853.758128615846
1827,0.0
1828,-5108.143705704056
1829,0.0
1830,-12875.382940186833
1831,0.0
1832,0.0
1833,3957.6008090350315
1834,0.0
1835,0.0
1836,0.0
1837,0.0
1838,0.0
1839,-32600.356983657126
1840,0.0
1841,0.0
1842,0.0
1843,-7885.7302634465295
1844,-2915.7929797974375
1845,0.0
1846,0.0
1847,-7089.049759646394
1848,0.0
1849,0.0
1850,-11415.523433835933
1851,0.0
1852,-11665.425672940679
1853,0.0
1854,0.0
1855,0.0
1856,-2126.910644448844
1857,-341.9223569204448
1858,-11062.608688322674
1859,0.0
1860,0.0
1861,0.0
1862,0.0
1863,-3207.74762478534
1864,0.0
1865,-11267.545386590762
1866,-1593.1881318756539
1867,0.0
1868,-328.4673184921562
1869,0.0
1870,0.0
1871,0.0
1872,0.0
1873,-4266.12164409198
1874,0.0
1875,-8958.383967913092
1876,0.0
1877,0.0
1878,-5901.394595472746
1879,-2015.4764149754596
1880,0.0
1881,0.0
1882,0.0
1883,-7129.151065216042
1884,0.0
1885,0.0
1886,0.0
1887,-1016.5294020754418
1888,-14462.070927303199
1889,0.0
1890,-2521.9734646775833
1891,-31923.36810986123
1892,-316.2747276789494
1893,0.0
1894,-1898.3746697215367
1895,0.0
1896,0.0
1897,-7740.775093428606
1898,0.0
1899,-16340.794769245618
1900,-4724.498603284712
1901,1626.3126776041368
1902,0.0
1903,0.0
1904,-7714.1756946345595
1905,-1864.2701365590674
1906,0.0
1907,0.0
1908,-11233.582061495137
1909,0.0
1910,0.0
1911,-6162.985775000632
1912,0.0
1913,0.0
1914,0.0
1915,0.0
1916,-16795.494773555634
1917,0.0
1918,-2735.558550497812
1919,-7756.25100133833
1920,0.0
1921,0.0
1922,0.0
1923,-2910.2740256930247
1924,0.0
1925,0.0
1926,0.0
1927,-4877.8216052679845
1928,0.0
1929,-6699.397490993944
1930,-1685.816271848811
1931,0.0
1932,-355.91874095337516
1933,0.0
1934,0.0
1935,2661.5887194656716
1936,0.0
1937,0.0
1938,0.0
1939,-7725.879221267429
1940,0.0
1941,-5640.642787239911
1942,0.0
1943,0.0
1944,0.0
1945,-3880.3307476290906
1946,-13919.56058022614
1947,0.0
1948,0.0
1949,0.0
1950,0.0
1951,0.0
1952,-3794.519755072216
1953,0.0
1954,-4866.445821716967
1955,-9625.401762176742
1956,0.0
1957,0.0
1958,0.0
1959,0.0
1960,-291.4515905710123
1961,-955.6790895198304
1962,2227.0572374927788
1963,0.0
1964,0.0
1965,0.0
1966,0.0
1967,0.0
1968,0.0
1969,0.0
1970,-4004.4151576688355
1971,0.0
1972,0.0
1973,0.0
1974,0.0
1975,-4043.744000404466
1976,-9985.885681869127
1977,-12995.408440064288
1978,0.0
1979,0.0
1980,0.0
1981,-14454.743503792903
1982,0.0
1983,-36000.092384038675
1984,0.0
1985,0.0
1986,0.0
1987,0.0
1988,0.0
1989,0.0
1990,0.0
1991,0.0
1992,0.0
1993,0.0
1994,-6022.506903981726
1995,0.0
1996,0.0
1997,-2113.8359473414826
1998,0.0
1999,0.0
2000,0.0
2001,0.0
2002,0.0
2003,0.0
2004,0.0
2005,0.0
2006,0.0
2007,0.0
2008,-8004.873739236253
2009,0.0
2010,0.0
2011,-37486.76159005737
2012,0.0
2013,0.0
2014,0.0
2015,0.0
2016,-534.2580331110532
2017,0.0
2018,-3235.0041506228317
2019,-19822.378404560422
2020,0.0
2021,-14256.162058318516
2022,-10657.476924555065
2023,0.0
2024,0.0
2025,-147.7689180700886
2026,0.0
2027,0.0
2028,0.0
2029,0.0
2030,62.40421062553088
2031,0.0
2032,-5999.147760904453
2033,-14635.180430832448
2034,-27528.97335750536
2035,0.0
2036,0.0
2037,-369.40805703890373
2038,0.0
2039,0.0
2040,0.0
2041,0.0
2042,0.0
2043,0.0
2044,0.0
2045,0.0
2046,77.53151372929096
2047,0.0
2048,-404.4134045890057
2049,-2040.5677092199771
2050,-2124.067150616416
2051,0.0
2052,0.0
2053,0.0
2054,-4094.6007320640274
2055,0.0
2056,-11719.079504248046
2057,0.0
2058,-25596.84032320713
2059,0.0
2060,0.0
2061,0.0
2062,0.0
2063,487.67446072040616
2064,0.0
2065,-10637.321819938625
2066,0.0
2067,-4371.997980511647
2068,0.0
2069,0.0
2070,0.0
2071,-5089.971119867401
2072,-10411.505911269685
2073,0.0
2074,0.0
2075,0.0
2076,226.0745890862113
2077,0.0
2078,0.0
2079,0.0
2080,0.0
2081,0.0
2082,0.0
2083,0.0
2084,0.0
2085,0.0
2086,0.0
2087,0.0
2088,0.0
2089,0.0
2090,38.60787993879285
2091,-11660.618460418384
2092,0.0
2093,0.0
2094,0.0
2095,0.0
2096,0.0
2097,0.0
2098,0.0
2099,0.0
2100,0.0
2101,0.0
2102,-7136.4753535540385
2103,-6195.16052680511
2104,0.0
2105,-2311.807623228769
2106,61.7906997879586
2107,0.0
2108,0.0
2109,0.0
2110,-11618.89369468536
2111,-11194.8482169895
2112,0.0
2113,0.0
2114,-13428.506220092575
2115,0.0
2116,0.0
2117,0.0
2118,0.0
2119,0.0
2120,0.0
2121,0.0
2122,0.0
2123,0.0
2124,0.0
2125,-12990.348044580083
2126,-566.6587780439393
2127,0.0
2128,-10904.376956008271
2129,0.0
2130,0.0
2131,0.0
2132,0.0
2133,0.0
2134,0.0
2135,0.0
2136,-9367.908602359452
2137,-13814.832325531115
2138,0.0
2139,0.0
2140,0.0
2141,0.0
2142,0.0
2143,0.0
2144,0.0
2145,0.0
2146,0.0
2147,-7086.593992653597
2148,-3407.3966926892426
2149,0.0
2150,-708.9176892660125
2151,-10540.399171860368
2152,-4934.0628259489495
2153,0.0
2154,-32236.0964431018
2155,0.0
2156,0.0
2157,0.0
2158,-8766.312943120329
2159,0.0
2160,0.0
2161,0.0
2162,0.0
2163,0.0
2164,0.0
2165,0.0
2166,0.0
2167,0.0
2168,-17810.358741526128
2169,0.0
2170,0.0
2171,0.0
2172,0.0
2173,0.0
2174,-11239.326667418478
2175,0.0
2176,0.0
2177,0.0
2178,0.0
2179,0.0
2180,0.0
2181,0.0
2182,-11357.734212769956
2183,0.0
2184,0.0
2185,0.0
2186,0.0
2187,0.0
2188,3503.222838111519
2189,-2202.523101942789
2190,0.0
2191,0.0
2192,-9000.77949944198
2193,0.0
2194,-4265.924631861575
2195,23.93421014050398
2196,0.0
2197,0.0
2198,0.0
2199,0.0
2200,0.0
2201,-1628.0709091347408
2202,0.0
2203,-8551.410521743117
2204,0.0
2205,0.0
2206,0.0
2207,0.0
2208,0.0
2209,0.0
2210,0.0
2211,0.0
2212,0.0
2213,-8994.899273602372
2214,0.0
2215,0.0
2216,0.0
2217,0.0
2218,0.0
2219,-2984.3652130772575
2220,0.0
2221,0.0
2222,0.0
2223,0.0
2224,0.0
2225,0.0
2226,0.0
2227,-4117.583634798382
2228,0.0
2229,0.0
2230,0.0
2231,-2590.73411184671
2232,0.0
2233,-12273.248785336782
2234,0.0
2235,0.0
2236,-26126.900076799076
2237,0.0
2238,0.0
2239,0.0
2240,0.0
2241,0.0
2242,-674.5214679377297
2243,0.0
2244,0.0
2245,0.0
2246,0.0
2247,1074.8652818937203
2248,0.0
2249,-3744.156018534402
2250,0.0
2251,0.0
2252,0.0
2253,69.29890039953648
2254,-7953.472012862201
2255,0.0
2256,0.0
2257,-17466.07470906402
2258,0.0
2259,0.0
2260,0.0
2261,0.0
2262,-5374.121838270385
2263,0.0
2264,0.0
2265,0.0
2266,0.0
2267,0.0
2268,0.0
2269,0.0
2270,0.0
2271,0.0
2272,0.0
2273,0.0
2274,-35697.83992644482
2275,0.0
2276,-17690.228450708633
2277,0.0
2278,-8980.15121890031
2279,-2110.9627683946865
2280,0.0
2281,0.0
2282,-3765.743689275394
2283,0.0
2284,0.0
2285,888.2492792153975
2286,0.0
2287,0.0
2288,0.0
2289,0.0
2290,-1427.408231246187
2291,2482.5965719937476
2292,0.0
2293,0.0
2294,0.0
2295,-4916.225476370192
2296,0.0
2297,0.0
2298,0.0
2299,0.0
2300,0.0
2301,-426.63349150398204
2302,0.0
2303,0.0
2304,-14618.890640943555
2305,0.0
2306,-3174.923720079517
2307,0.0
2308,0.0
2309,0.0
2310,0.0
2311,-1924.9609727959864
2312,-7081.242641248717
2313,0.0
2314,0.0
2315,-25758.017946481606
2316,0.0
2317,0.0
2318,0.0
2319,721.6893014626668
2320,0.0
2321,0.0
2322,0.0
2323,0.0
2324,0.0
2325,0.0
2326,0.0
2327,-4675.017538015243
2328,0.0
2329,0.0
2330,0.0
2331,0.0
2332,0.0
2333,0.0
2334,-2379.8707824415173
2335,0.0
2336,973.5333946001092
2337,-19910.03020313912
2338,0.0
2339,0.0
2340,0.0
2341,0.0
2342,-3665.089620441132
2343,-3972.993863684085
2344,0.0
2345,0.0
2346,-9484.697385002939
2347,0.0
2348,0.0
2349,286.0266625001166
2350,0.0
2351,0.0
2352,-10674.476865983823
2353,0.0
2354,-1572.6147981508689
2355,0.0
2356,-1961.1187908130573
2357,-33448.55216387701
2358,0.0
2359,-8265.59479958071
2360,0.0
2361,0.0
2362,0.0
2363,-17568.666832925228
2364,0.0
2365,0.0
2366,0.0
2367,0.0
2368,0.0
2369,0.0
2370,1.1794728582153766
2371,-3386.718035705789
2372,-11151.987722440706
2373,0.0
2374,0.0
2375,-8761.69666302759
2376,-1458.1338352294847
2377,0.0
2378,-1752.849200938595
2379,0.0
2380,0.0
2381,0.0
2382,-2749.6630399738715
2383,0.0
2384,0.0
2385,0.0
2386,0.0
2387,0.0
2388,-2200.044368414822
2389,-402.4962064734136
2390,-8068.04130012215
2391,0.0
2392,0.0
2393,0.0
2394,-1191.0584036331757
2395,-9422.469990809357
2396,0.0
2397,0.0
2398,0.0
2399,0.0
2400,0.0
2401,-19675.380727210006
2402,2330.1197971264037
2403,0.0
2404,0.0
2405,0.0
2406,0.0
2407,0.0
2408,0.0
2409,-7377.730625417265
2410,0.0
2411,-4837.796211834002
2412,-3980.4385698440524
2413,0.0
2414,0.0
2415,-5849.317241077876
2416,-4505.184946280134
2417,0.0
2418,0.0
2419,0.0
2420,0.0
2421,0.0
2422,0.0
2423,0.0
2424,-3784.554937421877
2425,0.0
2426,0.0
2427,0.0
2428,0.0
2429,0.0
2430,0.0
2431,0.0
2432,-9377.712015227384
2433,0.0
2434,0.0
2435,-4527.199470068173
2436,0.0
2437,0.0
2438,-687.1632044645778
2439,0.0
2440,0.0
2441,-1028.9956756158406
2442,-14389.632589078057
2443,0.0
2444,0.0
2445,0.0
2446,0.0
2447,0.0
2448,0.0
2449,0.0
2450,0.0
2451,-6183.4339079484325
2452,0.0
2453,0.0
2454,0.0
2455,0.0
2456,0.0
2457,0.0
2458,0.0
2459,0.0
2460,0.0
2461,0.0
2462,-4701.125917153291
2463,-2072.2287969654967
2464,0.0
2465,0.0
2466,0.0
2467,-13585.59731526089
2468,0.0
2469,0.0
2470,-817.1909208221754
2471,0.0
2472,-6681.357669280722
2473,0.0
2474,0.0
2475,0.0
2476,0.0
2477,363.9478957941169
2478,0.0
2479,-15178.405579476983
2480,0.0
2481,-14925.576358263346
2482,0.0
2483,5614.799868820716
2484,-3558.510567477875
2485,0.0
2486,0.0
2487,0.0
2488,0.0
2489,0.0
2490,0.0
2491,0.0
2492,0.0
2493,-4756.689339970123
2494,0.0
2495,-4900.448049732571
2496,0.0
2497,-35735.01852811603
2498,-35092.03897656836
2499,0.0
2500,-5865.160442545437
2501,0.0
2502,0.0
2503,0.0
2504,-14779.728723176437
2505,-15352.469662859816
2506,0.0
2507,0.0
2508,-7087.03939686703
2509,-7767.783456978615
2510,0.0
2511,-2691.878725982182
2512,0.0
2513,-6374.433303197076
2514,-5012.08909236941
2515,-1753.3770390362943
2516,0.0
2517,0.0
2518,0.0
2519,0.0
2520,0.0
2521,-3495.611190209638
2522,0.0
2523,0.0
2524,0.0
2525,0.0
2526,0.0
2527,0.0
2528,0.0
2529,2411.6469668184927
2530,0.0
2531,0.0
2532,0.0
2533,0.0
2534,0.0
2535,0.0
2536,0.0
2537,-929.9304479363782
2538,1250.0648654544632
2539,0.0
2540,72.93020170915361
2541,-24014.891271527955
2542,-1545.7314630017818
2543,0.0
2544,0.0
2545,-12788.627063035146
2546,-3618.211672565234
2547,0.0
2548,0.0
2549,-4097.962017239099
2550,-7655.517421506956
2551,0.0
2552,0.0
2553,0.0
2554,0.0
2555,0.0
2556,-16399.280995835165
2557,0.0
2558,0.0
2559,-4755.882648660885
2560,0.0
2561,-8590.370717743293
2562,-13745.850178842014
2563,0.0
2564,-6811.708815898916
2565,0.0
2566,-14140.695788240919
2567,0.0
2568,-8766.413642495818
2569,0.0
2570,0.0
2571,0.0
2572,0.0
2573,0.0
2574,0.0
2575,-8204.697941708917
2576,0.0
2577,0.0
2578,-505.2460617534766
2579,0.0
2580,0.0
2581,0.0
2582,-17863.704549365757
2583,0.0
2584,-1383.6618262291854
2585,-6676.009406973899
2586,0.0
2587,0.0
2588,-593.6704038480766
2589,0.0
2590,0.0
2591,0.0
2592,0.0
2593,0.0
2594,0.0
2595,-5541.704702410692
2596,0.0
2597,0.0
2598,2064.6904168821293
2599,0.0
2600,-10481.664353906626
2601,0.0
2602,0.0
2603,0.0
2604,0.0
2605,-2358.3822580027077
2606,0.0
2607,0.0
2608,-9881.070367153168
2609,0.0
2610,-1152.0478804940763
2611,0.0
2612,2031.5881886078714
2613,-15360.600457032146
2614,0.0
2615,0.0
2616,0.0
2617,-16699.728034521344
2618,0.0
2619,-18303.885471500435
2620,0.0
2621,-1200.0488438276814
2622,-3499.32604468349
2623,0.0
2624,0.0
2625,0.0
2626,-10901.94630854183
2627,0.0
2628,-27441.482132620316
2629,0.0
2630,0.0
2631,0.0
2632,0.0
2633,0.0
2634,0.0
2635,0.0
2636,0.0
2637,0.0
2638,-4006.9123482276436
2639,-17682.968580228662
2640,-613.1158145730028
2641,-7519.804843129579
2642,0.0
2643,-26000.32555347187
2644,0.0
2645,0.0
2646,-6450.3508866488355
2647,-1057.444747477509
2648,0.0
2649,0.0
2650,0.0
2651,0.0
2652,0.0
2653,-1070.067513521665
2654,0.0
2655,0.0
2656,0.0
2657,0.0
2658,-17123.73896995474
2659,-37570.40985118593
2660,0.0
2661,0.0
2662,0.0
2663,0.0
2664,0.0
2665,-11037.265720776199
2666,-1992.556598071538
2667,0.0
2668,0.0
2669,0.0
2670,-2199.271506463645
2671,0.0
2672,-8670.637083985323
2673,0.0
2674,-1169.7881955619875
2675,-5038.341895986685
2676,0.0
2677,0.0
2678,-593.5676915310778
2679,-5399.224724434783
2680,-19958.875724562782
2681,0.0
2682,0.0
2683,0.0
2684,0.0
2685,0.0
2686,0.0
2687,0.0
2688,0.0
2689,-522.2799250325702
2690,0.0
2691,0.0
2692,0.0
2693,0.0
2694,-1046.8433003681469
2695,991.0926499426809
2696,0.0
2697,0.0
2698,-4582.1198531369355
2699,0.0
2700,0.0
2701,0.0
2702,-1029.9610556222733
2703,0.0
2704,0.0
2705,0.0
2706,0.0
2707,88.77932319350771
2708,2448.052176834458
2709,0.0
2710,0.0
2711,0.0
2712,0.0
2713,0.0
2714,-5795.0972052714005
2715,-3877.255315386622
2716,-6257.490456685171
2717,0.0
2718,0.0
2719,-4348.7119314466
2720,0.0
2721,0.0
2722,0.0
2723,0.0
2724,0.0
2725,0.0
2726,-12114.388561913725
2727,0.0
2728,0.0
2729,0.0
2730,-4885.3203563638
2731,0.0
2732,-23374.16634408971
2733,485.14660954027465
2734,-5582.790140691824
2735,0.0
2736,0.0
2737,0.0
2738,0.0
2739,0.0
2740,0.0
2741,0.0
2742,0.0
2743,-8439.038092514476
2744,0.0
2745,0.0
2746,0.0
2747,0.0
2748,0.0
2749,-9624.509949577077
2750,0.0
2751,0.0
2752,-1543.8220876804103
2753,0.0
2754,-12826.54345832124
2755,0.0
2756,-2124.6365590010537
2757,0.0
2758,0.0
2759,0.0
2760,0.0
2761,52.04759884328291
2762,0.0
2763,-7054.87607669205
2764,946.1398276550655
2765,0.0
2766,-7625.018917913544
2767,-7891.718646210899
2768,-1598.2974829894752
2769,0.0
2770,0.0
2771,0.0
2772,0.0
2773,-24302.929459861734
2774,0.0
2775,-14397.256635418853
2776,-9343.983549762348
2777,0.0
2778,-2211.1250073488486
2779,0.0
2780,0.0
2781,0.0
2782,0.0
2783,0.0
2784,0.0
2785,0.0
2786,0.0
2787,-7894.924982609303
2788,0.0
2789,0.0
2790,988.2969856676682
2791,-34655.823547988206
2792,0.0
2793,-1829.3438385499467
2794,1993.7115170857196
2795,0.0
2796,0.0
2797,0.0
2798,0.0
2799,-8686.405574552196
2800,0.0
2801,0.0
2802,0.0
2803,-2183.007160863458
2804,0.0
2805,0.0
2806,0.0
2807,-8096.956810320829
2808,0.0
2809,26.362411804258954
2810,0.0
2811,-17749.84493219793
2812,6713.90878240445
2813,0.0
2814,0.0
2815,0.0
2816,-772.6130969053334
2817,-19474.050585611738
2818,0.0
2819,0.0
2820,511.21839950382537
2821,0.0
2822,-6652.289966408018
2823,-31691.71843774044
2824,0.0
2825,0.0
2826,0.0
2827,0.0
2828,-2644.841620316716
2829,0.0
2830,0.0
2831,0.0
2832,0.0
2833,-2203.370378345409
2834,0.0
2835,-9063.260068294938
2836,0.0
2837,-192.36238967031954
2838,0.0
2839,0.0
2840,-982.8475768380148
2841,-6054.838632245068
2842,0.0
2843,0.0
2844,0.0
2845,0.0
2846,0.0
2847,-1101.124485187566
2848,0.0
2849,0.0
2850,2551.6005571459245
2851,0.0
2852,0.0
2853,0.0
2854,0.0
2855,0.0
2856,0.0
2857,0.0
2858,-200.16620025705504
2859,0.0
2860,-2098.318338357203
2861,0.0
2862,0.0
2863,1091.9962891696287
2864,0.0
2865,256.0103501779732
2866,0.0
2867,0.0
2868,0.0
2869,0.0
2870,0.0
2871,-6704.868136519046
2872,0.0
2873,-17461.030998259783
2874,-29935.882563511877
2875,-15811.983630606781
2876,-22296.40525530376
2877,0.0
2878,0.0
2879,-393.1823231688127
2880,0.0
2881,0.0
2882,0.0
2883,0.0
2884,-11864.188552419582
2885,0.0
2886,0.0
2887,-9280.074214806227
2888,0.0
2889,-1094.8369696107025
2890,-3592.0239924506313
2891,3398.92904416051
2892,0.0
2893,0.0
2894,0.0
2895,0.0
2896,-12878.908713906581
2897,0.0
2898,-36607.46122378331
2899,601.1778263812596
2900,0.0
2901,0.0
2902,0.0
2903,0.0
2904,0.0
2905,-19400.756413277173
2906,0.0
2907,0.0
2908,-16717.440833708824
2909,0.0
2910,-9377.724551177613
2911,0.0
2912,0.0
2913,0.0
2914,-5458.315544632537
2915,0.0
2916,0.0
2917,0.0
2918,1279.6297611269074
2919,-22682.365131782673
2920,-9803.350907270173
2921,0.0
2922,0.0
2923,0.0
2924,0.0
2925,0.0
2926,0.0
2927,-14536.75317094198
2928,-18121.544111221112
2929,0.0
2930,-5300.197960871197
2931,0.0
2932,0.0
2933,-197.82970697434303
2934,0.0
2935,-4126.454822971849
2936,-2910.60141480072
2937,0.0
2938,0.0
2939,-713.4589579388839
2940,0.0
2941,0.0
2942,-4266.103400513098
2943,0.0
2944,-2272.4282896346285
2945,-644.619671407826
2946,-1713.5134569744769
2947,0.0
2948,0.0
2949,0.0
2950,0.0
2951,0.0
2952,-2811.5672248117785
2953,0.0
2954,0.0
2955,-18788.6837493041
2956,0.0
2957,0.0
2958,0.0
2959,-1010.6371489311682
2960,-8847.467651670715
2961,-861.9268030732189
2962,0.0
2963,0.0
2964,0.0
2965,0.0
2966,0.0
2967,0.0
2968,0.0
2969,0.0
2970,7099.709711448957
2971,0.0
2972,0.0
2973,-3653.962416453516
2974,420.22520547056615
2975,-8050.54045759114
2976,0.0
2977,0.0
2978,0.0
2979,0.0
2980,0.0
2981,0.0
2982,0.0
2983,0.0
2984,0.0
2985,0.0
2986,0.0
2987,0.0
2988,0.0
2989,0.0
2990,-6470.018564181003
2991,0.0
2992,0.0
2993,-10078.621310424529
2994,0.0
2995,0.0
2996,0.0
2997,4084.1249980574767
2998,-8318.516207536588
2999,0.0
3000,0.0
3001,0.0
3002,0.0
3003,0.0
3004,0.0
3005,0.0
3006,0.0
3007,0.0
3008,0.0
3009,0.0
3010,0.0
3011,0.0
3012,0.0
3013,0.0
3014,0.0
3015,0.0
3016,-3143.409739968014
3017,0.0
3018,0.0
3019,0.0
3020,0.0
3021,0.0
3022,263.3907516982663
3023,0.0
3024,0.0
3025,0.0
3026,0.0
3027,-3447.412556459828
3028,0.0
3029,0.0
3030,0.0
3031,0.0
3032,0.0
3033,0.0
3034,-3153.3388891744953
3035,-6517.751360382823
3036,0.0
3037,-14435.816877563202
3038,0.0
3039,0.0
3040,-18206.4019873022
3041,0.0
3042,0.0
3043,-3149.6217287096806
3044,0.0
3045,0.0
3046,-5989.5057781617725
3047,-884.8146909387353
3048,0.0
3049,0.0
3050,0.0
3051,-7225.858417423688
3052,0.0
3053,0.0
3054,0.0
3055,-5125.7487498653745
3056,-6701.012414428971
3057,0.0
3058,0.0
3059,-27073.363755764603
3060,-8040.089593733448
3061,-630.7561858063232
3062,0.0
3063,-5274.061564749793
3064,124.74504736125465
3065,0.0
3066,0.0
3067,0.0
3068,-1989.970464068555
3069,0.0
3070,0.0
3071,0.0
3072,0.0
3073,-6973.930316855282
3074,0.0
3075,0.0
3076,0.0
3077,0.0
3078,-18914.213157150945
3079,0.0
3080,0.0
3081,0.0
3082,-8957.692330679209
3083,0.0
3084,480.87967993588586
3085,0.0
3086,0.0
3087,0.0
3088,0.0
3089,-9433.257794772358
3090,0.0
3091,0.0
3092,0.0
3093,0.0
3094,-9338.490463333217
3095,0.0
3096,-5120.080511125727
3097,0.0
3098,-1820.9029096895024
3099,-642.0470585265709
3100,0.0
3101,-10661.335602651368
3102,-11822.673766228185
3103,0.0
3104,0.0
3105,0.0
3106,-11439.572071969462
3107,0.0
3108,0.0
3109,-2847.5768771167172
3110,0.0
3111,-10646.281351429252
3112,0.0
3113,0.0
3114,0.0
3115,0.0
3116,0.0
3117,0.0
3118,1713.2239311751737
3119,0.0
3120,0.0
3121,0.0
3122,0.0
3123,-5563.80539814156
3124,0.0
3125,-17426.678499125297
3126,0.0
3127,-5467.183691568371
3128,-15323.044768667518
3129,-34928.36233611131
3130,-1563.640812486201
3131,0.0
3132,0.0
3133,-3258.5046392590943
3134,0.0
3135,0.0
3136,0.0
3137,-4348.946255919783
3138,0.0
3139,0.0
3140,0.0
3141,0.0
3142,-9424.724793165527
3143,0.0
3144,0.0
3145,0.0
3146,0.0
3147,0.0
3148,0.0
3149,-12123.494115051468
3150,-16656.384723104682
3151,0.0
3152,0.0
3153,245.88156005227574
3154,0.0
3155,0.0
3156,-1925.0493317552462
3157,-14101.23816637596
3158,0.0
3159,0.0
3160,-1950.5647399632348
3161,0.0
3162,0.0
3163,0.0
3164,0.0
3165,0.0
3166,0.0
3167,-797.3639344568546
3168,0.0
3169,0.0
3170,0.0
3171,0.0
3172,-32724.22417388385
3173,-3298.541763289647
3174,-1836.8431290656504
3175,0.0
3176,-19600.644910108796
3177,0.0
3178,0.0
3179,0.0
3180,0.0
3181,-3261.791160669961
3182,0.0
3183,-619.0956410488488
3184,0.0
3185,0.0
3186,-5428.940212987649
3187,0.0
3188,0.0
3189,0.0
3190,0.0
3191,-4287.657406756841
3192,-1444.051042747929
3193,-1883.514811884837
3194,0.0
3195,0.0
3196,0.0
3197,0.0
3198,0.0
3199,0.0
3200,0.0
3201,0.0
3202,0.0
3203,-6293.098469532486
3204,-16213.048948232978
3205,-6668.623287278814
3206,0.0
3207,-8265.59479958071
3208,-18786.038721096695
3209,-18631.641367356395
3210,0.0
3211,0.0
3212,0.0
3213,0.0
3214,-17403.284341373503
3215,-24543.25434829573
3216,-17793.143841762576
3217,-5753.688021971564
3218,-10305.168742102524
3219,-12941.7602782404
3220,-32162.3269606181
3221,-12917.025613270413
3222,-23037.70432673347
3223,-14963.974799537824
3224,-7310.226764757917
3225,-25652.323612627144
3226,-7185.793396032823
3227,-1861.98598219911
3228,-12126.612379521623
3229,-10200.598797343242
3230,-8680.661914209675
3231,-12515.101124014784
3232,-10787.97097762311
3233,-24609.525032766265
3234,-2437.3347254730697
3235,364.7286518998458
3236,-3613.9085760102016
3237,-6827.052900168474
3238,1940.1001263459252
3239,-2289.223187932271
3240,-7499.935026780513
3241,-12585.772851826085
3242,-27190.126606243815
3243,-7663.603053834082
3244,-18336.674225256626
3245,5658.817782974326
3246,-6293.271861583786
3247,-7818.2989309016575
3248,-8261.648817352325
3249,-18785.89846013143
3250,495.06716083482655
3251,-9414.082368607678
3252,3248.127238417268
3253,-7177.0644936608805
3254,-1625.011523638796
3255,-2374.4735866822366
3256,-2468.298796592062
3257,-17258.954616908028
3258,-3841.5953798633195
3259,-22118.57042118046
3260,-12377.524985234188
3261,-5555.651469871916
3262,-21535.821991929795
3263,-16369.956100941248
3264,-4067.10225002586
3265,-7065.516580817519
3266,-23145.106061713952
3267,-8418.483033336766
3268,-12441.50085827165
3269,-21265.04300000461
3270,-12022.822752085303
3271,-9362.833594581289
3272,-381.18711764380953
3273,-1837.3976023892399
3274,-722.0301515376043
3275,-16622.730037972935
3276,-2472.6282215282467
3277,-9910.912919329476
3278,-21550.235237376095
3279,-1173.1507494741388
3280,-4152.374555776456
3281,-10149.203849077316
3282,-19301.44582819695
3283,-5224.630134640971
3284,-7388.446345701355
3285,2802.3170738821
3286,-3471.948829100764
3287,-1089.9854327927246
3288,-5633.37420951862
3289,-6231.579738032735
3290,-31272.79044617666
3291,-1836.5759612265365
3292,-5579.07259431498
3293,-13140.439223114488
3294,-26479.26698660154
3295,-5276.376135541227
3296,-7227.935564457326
3297,-16883.76913487511
3298,-14016.924272070159
3299,-72.19719186834004
3300,-840.8373033107325
3301,-18511.35306676116
3302,-1534.1636138087315
3303,-9948.11572656186
3304,-7234.147514696115
3305,-10109.601972464832
3306,-4713.301551950652
3307,-3942.178162301735
3308,-29994.568881806736
3309,-14433.366734082045
3310,-1906.7634221338835
3311,-5952.630160834404
3312,-9104.657299315568
3313,-16031.468518741078
3314,-7849.669639384824
3315,-3151.510616780438
3316,279.23958331252993
3317,-8437.403259459488
3318,-10644.83219910855
3319,-3681.133143432101
3320,-4563.476777109023
3321,-5164.641968144631
3322,-4625.048340044276
3323,-13332.288845899373
3324,-13565.055058022157
3325,-9591.929067966012
3326,-7310.057605366334
3327,-17448.228010665807
3328,2883.8322609252323
3329,-3991.5796155153366
3330,-30414.33578513161
3331,-29968.78386946857
3332,-18379.564526395596
3333,-7651.374890645749
3334,-7979.050111662682
3335,-1670.401326129928
3336,-7379.34535945797
3337,-8729.351199332954
3338,-12992.561581173848
3339,-27635.356841604415
3340,-27855.828332521447
3341,-10595.685536499415
3342,-7880.496203876763
3343,-760.3514256517881
3344,-5789.302336542469
3345,-786.501601099558
3346,-21786.816501852896
3347,-13324.732620067403
3348,-5131.5216462786975
3349,-23210.47043173225
3350,-4139.468598995016
3351,-10892.399278133897
3352,-6224.759442204893
3353,-8486.019688091015
3354,-32498.38172605644
3355,-3014.0594975769986
3356,-3456.4895401852264
3357,-3780.224695453146
3358,-9164.949280902236
3359,-29746.454629556647
3360,-1346.3165780611278
3361,-28266.158377255102
3362,-10562.627207075777
3363,1074.6805221451573
3364,-13772.372748153346
3365,-9912.114138571344
3366,-9146.146669278802
3367,-18201.4842560689
3368,-5495.688229145342
3369,-208.79184977815726
3370,-1829.4692988178258
3371,-3605.064026988007
3372,-17009.92549279731
3373,-1675.068029036264
3374,-14067.832129224127
3375,-1737.695585110631
3376,-8377.11090890009
3377,-17399.55327377173
3378,-10468.901219928237
3379,-22289.372133806995
3380,-6234.551434497701
3381,-1989.0136108699412
3382,-3596.5780351758476
3383,5008.568322280947
3384,-19219.985622350432
3385,-22223.126483293658
3386,-11058.841160121368
3387,-7815.526148139123
3388,-21475.909133752615
3389,-20098.284575312184
3390,-5728.143766242671
3391,-32255.093969546004
3392,-12112.563518939007
3393,-2716.569016119608
3394,-2464.5541897159774
3395,-7681.26453770318
3396,-14019.858662632447
3397,-8560.714799508314
3398,-1754.5552837003463
3399,-27733.844281703074
3400,-21540.586506638032
3401,-19236.38365708615
3402,-9410.258563130574
3403,-18009.392437941402
3404,-3361.4680600984625
3405,1733.2828401585293
3406,-16150.32834874842
3407,5731.49428359493
3408,1876.6142707863364
3409,-6205.233381251242
3410,-13519.632785620508
3411,-6776.4786939967835
3412,-8881.576775141191
3413,-4905.060885979756
3414,-14991.850485885763
3415,-212.5642819001405
3416,-2813.5467243367702
3417,-13850.363877466174
3418,-24617.956848626927
3419,-8794.189337065558
3420,-6269.125445996154
3421,-9589.823045565927
3422,-14359.617786103063
3423,-21213.774760558925
3424,-13854.005598259977
3425,-2288.453882692392
3426,-19879.75381863068
3427,1014.1220735656865
3428,-2268.697001857172
3429,-2047.0496895503447
3430,-16203.588018573817
3431,-9557.657635916157
3432,-19247.797548687588
3433,-22683.23742352498
3434,-1852.617043833457
3435,-12844.070948355267
3436,209.83056571002408
3437,-8562.684541519113
3438,-25968.633921149485
3439,-3787.0388212023727
3440,-25669.910035474095
3441,-3658.4813498171534
3442,-9287.450458456635
3443,-2569.8748752032852
3444,-15579.459298183612
3445,-9529.208337394777
3446,-5515.666166786948
3447,-6173.281572266592
3448,-5635.344193166148
3449,-4529.63773972178
3450,-23239.52289304849
3451,-23927.802753311513
3452,-10386.298744510696
3453,-7952.00631302968
3454,-1479.1033973059584
3455,-1642.6375145028853
3456,-28809.090940551505
3457,-12190.43098273841
3458,-4987.617864346945
3459,-21696.091736077997
3460,-2805.8516584336294
3461,-18741.845982817373
3462,-11427.61747111475
3463,-21118.340923656637
3464,177.44114433374358
3465,-11712.460993094908
3466,-8446.26739643
3467,-4750.955438395712
3468,-3280.9621227213847
3469,-11711.494199196699
3470,-7621.769029155406
3471,-1416.0520374431887
3472,-6877.999590384403
3473,-1416.3902003072922
3474,-30815.121832892713
3475,-2440.5328026202333
3476,-7315.61313011258
3477,-1307.9689912280164
3478,-5687.692504015319
3479,-8545.645120538538
3480,-328.50045025789314
3481,-15428.289558978244
3482,-7890.729938171997
3483,-17379.924492577436
3484,-9482.561817309708
3485,-5488.539939216179
3486,-6087.292409620979
3487,-4583.8168057537005
3488,-37808.64207632719
3489,-3641.875755987824
3490,-6127.267607965729
3491,-13936.21739250001
3492,-16246.566458222776
3493,-10698.473801176613
3494,-19593.75134223544
3495,-14647.311056014745
3496,-6494.06234508846
3497,-7429.860132045494
3498,-10361.055859856151
3499,-1820.6911601591046
3500,-3656.6578056700687
3501,-18446.3566449971
3502,-3023.485986271482
3503,-500.51554356040083
3504,-1733.4982767325528
3505,-6581.901238253072
3506,-9328.694400946897
3507,-8006.6544279763075
3508,-8422.015813364738
3509,-6946.543343179863
3510,-8136.369510469847
3511,-9667.996620437945
3512,-7265.689303881056
3513,-6173.401824938595
3514,-8528.786510516667
3515,-3078.9284702127766
3516,-3841.3653374634505
3517,-14126.943369835657
3518,-9431.150294525383
3519,-30705.05033506098
3520,-6706.247470530096
3521,-3447.417089495245
3522,-12061.98575989248
3523,-16214.028965757947
3524,-6530.927870337156
3525,-10316.019546280293
3526,-19141.642834350798
3527,-30439.744450484992
3528,-10724.593181789842
3529,-22256.66653945774
3530,-13618.097526642852
3531,-14464.51057394902
3532,-25945.0956601852
3533,-3354.4582440073696
3534,-14397.782468239304
3535,-4391.699490729341
3536,-5412.169676879018
3537,-27375.75771822383
3538,-1361.956824429272
3539,-24926.532149693514
3540,-6488.415228231963
3541,-8070.481900535906
3542,-21398.271487249523
3543,-10330.108997664893
3544,-5629.151756406548
3545,-8185.497209070989
3546,-5713.528546040045
3547,-10323.468868418307
3548,-11089.853427803715
3549,-1258.2578969169294
3550,-117.47231411111261
3551,-6031.863335788004
3552,-610.4140786652971
3553,-3806.6874378470347
3554,-1916.7745344290875
3555,-5297.05850795443
3556,-4125.541444334468
3557,-7657.781243534013
3558,-4087.517013503888
3559,-7561.840251585371
3560,-30205.462223706723
3561,-15232.549670038812
3562,-31729.913214196924
3563,-19618.978115378974
3564,-28260.003196242913
3565,-5230.025756114507
3566,-3230.2214949516056
3567,-5724.438690872474
3568,-28102.12636195509
3569,-4617.934723215596
3570,-21130.39216656563
3571,6602.479917328388
3572,-11535.59627435359
3573,-18657.884948815572
3574,-5798.408323621137
3575,-16011.048709633491
3576,-12482.468382997487
3577,-6552.5860744699785
3578,-9014.22011747945
3579,-11328.337223120438
3580,-3342.1369351650046
3581,-8631.388740996059
3582,95.42143212715735
3583,-8513.533313934146
3584,-24707.747050571143
3585,-14989.462355377647
3586,-24206.952167154377
3587,-17778.40214882373
3588,-28889.988966988334
3589,-9690.287579627638
3590,-12466.688010550406
3591,-5996.5059441628855
3592,-5826.042761725255
3593,-1640.0376491959566
3594,-11939.003116833777
3595,1755.4243797184872
3596,-7033.189995601597
3597,599.8148598901674
3598,-4286.389505860176
3599,-12428.587864835461
3600,-21621.197283264446
3601,-7201.93113865488
3602,-25140.893045547473
3603,-3710.7556628758516
3604,-17879.03081361127
3605,-12118.63206668576
3606,-9382.276656109538
3607,1226.5082653101672
3608,-1631.872853847166
3609,-14197.372435129912
3610,-11862.957755779638
3611,-7085.706387031367
3612,-4877.137866228781
3613,-15131.00688890581
3614,-3442.3718432500646
3615,-1013.3442962693994
3616,-33176.740092822714
3617,203.04315914960853
3618,488.7365892259809
3619,-6097.181306260954
3620,-23468.151840303042
3621,-6409.461382113886
3622,-10268.021564716979
3623,-3011.781518950994
3624,-19142.180036317088
3625,-1660.7130331220537
3626,-9949.598040781568
3627,-7832.857439001691
3628,-3534.662224171284
3629,-23516.949880195898
3630,-5264.291129725297
3631,-8320.220773030207
3632,-4958.58573989758
3633,-15907.513391165709
3634,-14151.511248271489
3635,-8975.102177735487
3636,-7157.675285034475
3637,-19195.674912132155
3638,-13223.585964386239
3639,-30714.664440452114
3640,-592.1778584225931
3641,-3403.8447830236255
3642,-8843.339924325752
3643,-9902.02600211386
3644,-1219.0298385086726
3645,-11212.903853214313
3646,-4559.654900875607
3647,-2325.9738752191397
3648,-10030.127387421766
3649,-13844.946929706713
3650,-3321.522723673102
3651,-10233.19911719135
3652,-15579.473895894027
3653,-4035.236591504996
3654,-4428.451065770783
3655,-22621.586737578276
3656,-13963.488678760508
3657,-189.87910108047345
3658,-19516.127397455453
3659,-17810.075606531478
3660,-7126.70968869457
3661,-2674.748797704704
3662,-16814.382176455023
3663,4836.8142814350795
3664,-13358.388675771832
3665,-14441.207037714277
3666,-4766.128480298787
3667,1200.404547271749
3668,-11940.836090279816
3669,-1766.3191841291614
3670,-3493.5343071247535
3671,-2535.7824931033074
3672,-5696.011198208642
3673,-8470.146385734799
3674,-17688.24950494003
3675,-13581.599205999784
3676,-630.6417560587219
3677,-14383.337208963201
3678,-4376.880094726514
3679,-11888.13477241768
3680,-15620.769710568431
3681,-19637.12984753395
3682,-20343.95358526182
3683,-26920.953997260232
3684,-7692.617978441363
3685,-4831.470914095557
3686,-9682.462758974054
3687,-9989.937341123403
3688,-10846.709442013174
3689,-12104.04034484586
3690,-13267.849351141302
3691,-18218.53243687281
3692,-23821.252935345234
3693,-6362.554569922253
3694,-14159.966208028494
3695,-37163.6832791181
3696,-27246.278695871973
3697,-8648.66449929595
3698,-2086.4617844125173
3699,-3033.528628023602
3700,-14271.89734884804
3701,-7007.542206366377
3702,-6738.417228465543
3703,-18110.046523804813
3704,-6476.756896975243
3705,-8421.73927961737
3706,-13444.956661277884
3707,977.9444045340952
3708,-5526.139925853119
3709,-12498.426700959702
3710,936.5065388608406
3711,-23803.289157567462
3712,-7962.333071367531
3713,-19443.872471709754
3714,-22087.061549498863
3715,-20631.821992213292
3716,-3212.9820360879385
3717,-16344.624611138941
3718,-7752.891571338912
3719,-13675.62084601695
3720,-4412.243612500033
3721,-7821.145518872232
3722,-9713.676074201481
3723,-6253.166853813267
3724,-7859.139365066574
3725,-8392.840794248592
3726,689.6607485716297
3727,-4798.216755326042
3728,-24808.01564035277
3729,-10008.887362013647
3730,-3358.6278946575567
3731,-6999.530805375225
3732,-32159.6560834247
3733,-4268.750125030897
3734,-30735.47062781339
3735,-21451.974585032705
3736,-12820.97360894108
3737,-3218.9070610214762
3738,-11416.949333594861
3739,3277.3332359685137
3740,2360.927117642119
3741,-9260.811284411415
3742,-16741.794261056653
3743,-30298.960434308552
3744,-8903.78493326808
3745,-1113.1654366629527
3746,-30473.059626721893
3747,-5684.748395830795
3748,-2427.2238506023905
3749,-5162.608209857432
3750,-12090.485636817502
3751,-10663.19418283707
3752,-4546.815474528026
3753,-10712.57757119944
3754,-6522.3663991786125
3755,-24279.740006622917
3756,-26104.023914630263
3757,-4001.0513201059457
3758,-11789.721571484231
3759,-7386.261792081919
3760,-12055.636162671197
3761,-13168.910966430656
3762,-6846.4735125257
3763,-12985.250823240634
3764,-6979.456287273995
3765,-4461.039626283514
3766,-1152.7399502107778
3767,-8712.214571366634
3768,-5980.1501413356455
3769,-20585.763066641477
3770,-7018.837279530573
3771,-6255.923200751307
3772,-8310.287957292676
3773,-14128.176117053586
3774,-4334.311612273812
3775,-4764.871848301938
3776,-17183.453668970214
3777,-4900.712299365079
3778,-7590.810129861221
3779,-6168.360035816392
3780,-16352.714461979576
3781,-4851.553520826212
3782,-5907.350656413816
3783,-7198.5762873290505
3784,-1900.148376024411
3785,494.78619384882563
3786,-11387.81464367418
3787,-10272.26538894372
3788,-4356.915403552146
3789,-9602.932610534404
3790,-11696.645557369284
3791,-36082.29904029664
3792,-4336.561626150444
3793,-16342.67782485304
3794,-1616.4268278312093
3795,-2561.8877399898543
3796,-4325.525318303662
3797,-17775.317368436758
3798,-4621.519931033948
3799,-19248.999660983816
3800,-14921.787206423547
3801,-3377.4004894135196
3802,-15128.971097444452
3803,-11837.799306840636
3804,-16839.253669863414
3805,-30110.941993534005
3806,-3035.1191717894553
3807,-1477.2576227962716
3808,-12127.123147298504
3809,-1353.4905733434937
3810,-31773.990222885346
3811,-5895.669622529025
3812,-3970.017578677977
3813,-15895.510926868345
3814,-33343.34741790508
3815,255.45926396747666
3816,-8243.866986532512
3817,-3868.471118144078
3818,-5586.508576302638
